tic_id,sector,mission,author,target_name,cadence_sec,num_points,mean_flux,median_flux,std_flux,variance,min_flux,max_flux,dynamic_range,rms,mad,snr,duration_days,median_cadence_days,max_gap_days,skewness,kurtosis,missing_values,duplicate_times,missing_fraction,duplicate_fraction,estimated_transit_depth,lowest_flux,file_name,status
100990000,3,TESS,SPOC,100990000,21.661594559092,13532,1.0000030469728334,1.0,0.00031573743417790046,9.969012734124404e-08,0.9987898914930737,1.0014903198501972,0.0027004283571234744,0.00031573743417790046,0.000312011833172022,3167.18859328082,20.26564104584463,0.001388914169410782,1.2000230834064496,0.06934031410042643,0.13202116036962952,0,0,0.0,0.0,0.0012101085069262663,0.9987898914930737,TIC_100990000_Sector_3.parquet,Success
120252452,40,TESS,SPOC,120252452,22.335620342847,19611,1.0000765382600862,1.0,0.008784359028195026,7.716496353623146e-05,0.9653901538203632,1.0355999276262806,0.07020977380591742,0.008784359028195026,0.008664464931143707,113.83869862221192,28.200151941918193,0.0013889001320421812,0.931947960999878,0.010462210109134267,0.1119569585842557,0,0,0.0,0.0,0.034609846179636805,0.9653901538203632,TIC_120252452_Sector_40.parquet,Success
120422519,53,TESS,SPOC,120422519,19.787113147151,16991,0.9999080663204447,1.0,0.014823047379279685,0.0002197227336083703,0.937807041696432,1.0561374155095282,0.11833037381309619,0.014823047379279685,0.014678602194650715,67.46251121060602,24.98233980940313,0.0013889059264329262,0.919460638948749,-0.012334989010994156,0.06276914239698961,0,0,0.0,0.0,0.06219295830356797,0.937807041696432,TIC_120422519_Sector_53.parquet,Success
120691237,80,TESS,SPOC,120691237,20.94756668095,17255,0.9998803437040578,1.0,0.018543312453985418,0.0003438544367661307,0.91623008517199,1.0757997636408523,0.15956967846886227,0.018543312453985418,0.017928925013840497,53.92779755404894,26.44755891960358,0.0013889052270315005,1.5166918640461517,-0.019136370836778282,0.3617745804372414,0,0,0.0,0.0,0.08376991482801,0.91623008517199,TIC_120691237_Sector_80.parquet,Success
121395761,40,TESS,SPOC,121395761,22.335705902364,19609,0.9999220061518358,1.0,0.01928507211336824,0.0003719140064178133,0.9202418384811746,1.0857745788579423,0.16553274037676768,0.01928507211336824,0.019116016756249868,51.853578463251324,28.200259965790792,0.001388906186548411,0.9319519552095699,-0.009120165502030852,0.11587881469221628,0,0,0.0,0.0,0.07975816151882542,0.9202418384811746,TIC_121395761_Sector_40.parquet,Success
121467823,75,TESS,SPOC,121467823,21.93771662785,19474,1.0000177829826145,1.0,0.0065644692062859595,4.3092255960276615e-05,0.9725739405694923,1.025041513089054,0.05246757251956169,0.0065644692062859595,0.006550333918101532,152.33524121682632,27.69774823998341,0.0013889159276914143,0.216671097813105,0.005826666230601808,0.03114035467194043,0,0,0.0,0.0,0.027426059430507688,0.9725739405694923,TIC_121467823_Sector_75.parquet,Success
121598758,80,TESS,SPOC,121598758,20.947624699863,15884,1.0001496471107445,1.0,0.02799662121082359,0.0007838107992223374,0.8768394331297961,1.1272631171434921,0.2504236840136961,0.02799662121082359,0.028004121896783366,35.718595914474015,26.447632172315025,0.001388907555337937,3.21117316362961,-0.011219678235444414,0.08948595507210166,0,0,0.0,0.0,0.12316056687020394,0.8768394331297961,TIC_121598758_Sector_80.parquet,Success
121603794,40,TESS,SPOC,121603794,27.920123000308,115324,0.9999687090984924,1.0,0.006105978083155468,3.728296835197493e-05,0.9698936010095576,1.0305341257658782,0.060640524756320646,0.006105978083155468,0.006049349665150101,163.77392554989595,28.201912961049857,0.00023148486798163503,0.929638213864564,-0.04008936396546351,0.16162459205029345,0,0,0.0,0.0,0.03010639899044243,0.9698936010095576,TIC_121603794_Sector_40.parquet,Success
121785939,80,TESS,SPOC,121785939,20.947644671877,17117,0.9999940319267084,1.0,0.05043370129322145,0.002543558226133887,0.7948067299407925,1.1923966532973096,0.3975899233565171,0.05043370129322145,0.049405947692763755,19.828011316996182,26.447657388106563,0.0013889105821363046,1.4875301321399093,0.008119496556896508,0.08834465278051873,0,0,0.0,0.0,0.2051932700592075,0.7948067299407925,TIC_121785939_Sector_80.parquet,Success
121988890,80,TESS,SPOC,121988890,20.947656313536,17277,1.0000198878948348,1.0,0.030191965250536794,0.0009115547656896214,0.8740030412311351,1.1180159559188834,0.24401291468774822,0.030191965250536794,0.029415972931161535,33.121394771816675,26.447672086239436,0.0013889115134588792,1.48753097521967,0.008994293594582793,0.14269496788738856,0,0,0.0,0.0,0.12599695876886485,0.8740030412311351,TIC_121988890_Sector_80.parquet,Success
122442334,74,TESS,SPOC,122442334,21.150641907158,17708,1.0000226708132314,1.0,0.006781287584028375,4.5985861297297393e-05,0.9733510167522036,1.0279806760579242,0.05462965930572061,0.006781287584028375,0.006774773897579037,147.46462048818717,26.703967063740492,0.001388879175465263,0.5791553153667337,0.025199824599997235,0.07358952833706711,0,0,0.0,0.0,0.02664898324779641,0.9733510167522036,TIC_122442334_Sector_74.parquet,Success
122515955,74,TESS,SPOC,122515955,21.150656419401,16661,0.9998969852762002,1.0,0.007748618449502857,6.0041087875976064e-05,0.9672466526530372,1.0352684660200735,0.06802181336703628,0.007748618449502857,0.007626858460560863,129.05526404699393,26.703985385882334,0.0013888808061892632,1.6916545655772097,-0.017364258734446872,0.14009300589919782,0,0,0.0,0.0,0.03275334734696278,0.9672466526530372,TIC_122515955_Sector_74.parquet,Success
123447592,14,TESS,SPOC,123447592,21.266099936836,16763,1.000050845535444,1.0,0.0033443092555239386,1.1184404396583079e-05,0.9852827043740886,1.0151738349307677,0.029891130556679135,0.0033443092555239386,0.0033081025166097205,299.0154090409723,26.849747406413826,0.0013888808457522828,1.420815390773896,0.045105169914399924,0.12913953452073423,0,0,0.0,0.0,0.014717295625911397,0.9852827043740886,TIC_123447592_Sector_14.parquet,Success
123496782,40,TESS,SPOC,123496782,22.335591383086,19611,0.9999954211154423,1.0,0.0024960702255997073,6.230366571125373e-06,0.990195332188309,1.012549109284365,0.022353777096056016,0.0024960702255997073,0.002498769540216517,400.6297538202233,28.200115378659575,0.001388897570905101,0.9319465116291212,0.020681868721088466,0.07891066277384562,0,0,0.0,0.0,0.009804667811690981,0.990195332188309,TIC_123496782_Sector_40.parquet,Success
123499226,74,TESS,SPOC,123499226,21.150832789463,16310,0.9998391859755836,1.0,0.03287067610541425,0.0010804813476270512,0.8736364413490788,1.1378405499462194,0.2642041085971406,0.03287067610541425,0.03222706463042888,30.42225224674604,26.704208065109924,0.0013888924468119512,1.7388896040974942,-0.02566056455323788,0.17901485061244182,0,0,0.0,0.0,0.1263635586509212,0.8736364413490788,TIC_123499226_Sector_74.parquet,Success
137155210,40,TESS,SPOC,137155210,22.33581769987,19611,0.9999600193060535,1.0,0.004738365968697568,2.2452112053311238e-05,0.9816590567594248,1.0186751425100822,0.0370160857506574,0.004738365968697568,0.004679780716163586,211.0432175577332,28.20040111727303,0.0013889134033888695,0.9319569575759488,-0.03108461668066251,0.03321011411320329,0,0,0.0,0.0,0.018340943240575225,0.9816590567594248,TIC_137155210_Sector_40.parquet,Success
137211068,74,TESS,SPOC,137211068,21.150609721287,18604,0.9999543381261458,1.0,0.006721139793089097,4.517372011824575e-05,0.9677980373625155,1.031950482141153,0.06415244477863746,0.006721139793089097,0.006647687034801843,148.78428819889058,26.703926427109764,0.0013888766143281828,0.2569420386366801,0.025608645165712336,0.14863080106066606,0,0,0.0,0.0,0.03220196263748454,0.9677980373625155,TIC_137211068_Sector_74.parquet,Success
137556197,74,TESS,SPOC,137556197,21.150590739327,18493,1.0002489917873032,1.0,0.016178064098668045,0.00026172975798061186,0.9347192116384285,1.0672507781233618,0.13253156648493325,0.016178064098668045,0.015730536151601054,61.81209283763012,26.70390246115312,0.0013888754501749645,0.4097180727439991,0.049321532453857155,0.30997352692939417,0,0,0.0,0.0,0.06528078836157147,0.9347192116384285,TIC_137556197_Sector_74.parquet,Success
137558813,40,TESS,SPOC,137558813,22.335847598604,19611,1.0001918938842103,1.0,0.039053218196692496,0.001525153851518474,0.8419946189283263,1.1599624070030752,0.3179677880747489,0.039053218196692496,0.03876297792119126,25.60608436834771,28.200438866105287,0.0013889150336581224,0.931958266782658,-0.010583117914287449,0.05002806462797249,0,0,0.0,0.0,0.15800538107167372,0.8419946189283263,TIC_137558813_Sector_40.parquet,Success
137637249,74,TESS,SPOC,137637249,21.150603576095,17157,1.000328699332374,1.0,0.043975498208070084,0.0019338444426479752,0.8216635800158736,1.2095812539756081,0.38791767395973453,0.043975498208070084,0.04290115554792504,22.739935663002605,26.703918667795733,0.0013888770804442174,1.58054044779783,0.010235587859619881,0.2703219728675026,0,0,0.0,0.0,0.17833641998412642,0.8216635800158736,TIC_137637249_Sector_74.parquet,Success
138213510,74,TESS,SPOC,138213510,21.150564590773,18785,1.0002510094783112,1.0,0.046486027863968916,0.0021609507865696944,0.7763594653837208,1.202117170320301,0.4257577049365803,0.046486027863968916,0.04295419783939603,21.511840136702556,26.703869446932003,0.0013888738199057116,0.21666458864456217,0.034899194451403125,0.5230655138718587,0,0,0.0,0.0,0.2236405346162792,0.7763594653837208,TIC_138213510_Sector_74.parquet,Success
138219758,81,TESS,SPOC,138219758,21.08704579492,18280,0.9999791295953325,1.0,0.02612968776242538,0.0006827605825618427,0.8969059457641412,1.1110897589807478,0.21418381321660662,0.02612968776242538,0.025990125487135713,38.27064483479994,26.6236689273469,0.0013888926637264376,0.5791696617311572,-0.018197499496047882,0.09129682048989096,0,0,0.0,0.0,0.10309405423585882,0.8969059457641412,TIC_138219758_Sector_81.parquet,Success
138569175,74,TESS,SPOC,138569175,21.1505508757,18788,0.9999068955312136,1.0,0.007310738461244084,5.344689684871352e-05,0.9677303553859992,1.0303739898331215,0.06264363444712229,0.007310738461244084,0.0071790564298899245,136.78508748483225,26.703852130385712,0.0013888728890378843,0.2166644591907243,-0.02481191108789839,0.2705135313951379,0,0,0.0,0.0,0.032269644614000836,0.9677303553859992,TIC_138569175_Sector_74.parquet,Success
138805992,74,TESS,SPOC,138805992,21.150528416659,18788,1.000267814713027,1.0,0.03615554986044228,0.0013072237857109277,0.8468167877365872,1.1693144233519297,0.3224976356153425,0.03615554986044228,0.034245497295231145,27.65827110526393,26.703823774640114,0.0013888712601328734,0.21666421239024203,0.01955075034692518,0.44527548033044617,0,0,0.0,0.0,0.1531832122634128,0.8468167877365872,TIC_138805992_Sector_74.parquet,Success
152476657,4,TESS,SPOC,152476657,20.542519002367,14845,0.9999220250887502,1.0,0.0016215363577106697,2.629380159377585e-06,0.9919903381127437,1.0065951931857762,0.014604855073032441,0.0016215363577106697,0.0014220053639151374,616.6990923421711,25.61530538919874,0.001388889253803427,2.7263958460937374,-0.7041783316313824,2.0881973108292167,0,0,0.0,0.0,0.00800966188725627,0.9919903381127437,TIC_152476657_Sector_4.parquet,Success
158002130,14,TESS,SPOC,158002130,21.266529308015,18423,1.0000087192775633,1.0,0.0010656538049121482,1.1356180319237388e-06,0.9954321755342259,1.0053551318784033,0.009922956344177392,0.0010656538049121482,0.0010488364886073163,938.3910566362961,26.850289514266933,0.0013889050601392228,0.9555672689079984,0.0985775281081121,0.20668417852321763,0,0,0.0,0.0,0.004567824465774084,0.9954321755342259,TIC_158002130_Sector_14.parquet,Success
158434144,74,TESS,SPOC,158434144,21.150702435228,16491,0.9999839796980616,1.0,0.01060236454214471,0.00011241013388452744,0.9590514026041207,1.0477787168704402,0.08872731426631952,0.01060236454214471,0.010407575830437492,94.31858299391335,26.704043484345675,0.0013888835997022397,1.6597129608558134,-0.022000530796776448,0.14779542656025368,0,0,0.0,0.0,0.040948597395879305,0.9590514026041207,TIC_158434144_Sector_74.parquet,Success
158487108,80,TESS,SPOC,158487108,20.947594639316,11625,0.9998348920764586,1.0,0.03151627103542739,0.0009932753399785194,0.8531429287302553,1.1209869340996537,0.26784400536939834,0.03151627103542739,0.030606714563107415,31.729642091093254,26.44759421963954,0.0013889084866605117,5.465373911823008,-0.00604079847587065,0.25043536439103287,0,0,0.0,0.0,0.14685707126974468,0.8531429287302553,TIC_158487108_Sector_80.parquet,Success
158494681,80,TESS,SPOC,158494681,20.947601352189,12837,1.000044673406649,1.0,0.03865155359952344,0.0014939425956568336,0.8495663526692029,1.1904643938711312,0.34089804120192835,0.03865155359952344,0.03789993219691138,25.872181241696055,26.447602694791385,0.0013889096517232247,4.304244216398729,0.004500455969077907,0.10838576268667488,0,0,0.0,0.0,0.15043364733079712,0.8495663526692029,TIC_158494681_Sector_80.parquet,Success
158722002,74,TESS,SPOC,158722002,21.150692907921,17535,0.9999982094349474,1.0,0.012703266703202369,0.00016137298493269,0.9462243321819429,1.062694269115038,0.11646993693309515,0.012703266703202369,0.012525911273826337,78.71990908825914,26.704031455616132,0.0013888824360037688,0.6860995611368708,-0.002632958955960543,0.13404252366134806,0,0,0.0,0.0,0.053775667818057094,0.9462243321819429,TIC_158722002_Sector_74.parquet,Success
158727691,82,TESS,SPOC,158727691,20.476112160679,18136,1.000027287899807,1.0,0.0240688870300468,0.0005793113228651551,0.9052440156781869,1.1118007302562423,0.20655671457805536,0.0240688870300468,0.0239758534426637,41.54741342014,25.852288106882952,0.001388862398925994,0.21666330123662192,0.021710859623760202,0.06885262359371369,0,0,0.0,0.0,0.09475598432181309,0.9052440156781869,TIC_158727691_Sector_82.parquet,Success
158729099,40,TESS,SPOC,158729099,22.335743017297,18273,0.9999847663532987,1.0,0.008749600616351735,7.655551094566265e-05,0.9678242698505647,1.0434877523624895,0.07566348251192478,0.008749600616351735,0.008647083828102949,114.29093096331106,28.200306826333872,0.0013888987350583193,1.2819641876808419,0.020836760183163872,0.1633046642230509,0,0,0.0,0.0,0.03217573014943531,0.9678242698505647,TIC_158729099_Sector_40.parquet,Success
158923465,74,TESS,SPOC,158923465,21.150673025896,17655,1.0001107216883842,1.0,0.009586698346508217,9.19047851869434e-05,0.9612153218453419,1.0410818433365219,0.07986652149118001,0.009586698346508217,0.009440069682049015,104.31119910685747,26.704006353445948,0.0013888812704863085,0.6388775059499494,0.012890609376299123,0.09075245523102726,0,0,0.0,0.0,0.038784678154658137,0.9612153218453419,TIC_158923465_Sector_74.parquet,Success
159175206,74,TESS,SPOC,159175206,21.150622611162,15622,1.0001039736351385,1.0,0.017204421964028827,0.0002959921351163575,0.9225858963602441,1.0719454384363867,0.14935954207614255,0.017204421964028827,0.016870072919169535,58.124591578305264,26.703942702204586,0.0013888787098039757,2.390256370386396,0.026942240902083133,0.20947489493495164,0,0,0.0,0.0,0.07741410363975587,0.9225858963602441,TIC_159175206_Sector_74.parquet,Success
159521326,74,TESS,SPOC,159521326,21.150609138762,17714,0.9999919216070777,1.0,0.006654234009161265,4.42788302486784e-05,0.9681978576452002,1.030667349779151,0.06246949213395081,0.006654234009161265,0.0065661424899238355,150.2802574455967,26.70392569206342,0.0013888768471588264,0.6486049128316154,-0.045950688030042514,0.17021015061108757,0,0,0.0,0.0,0.031802142354799834,0.9681978576452002,TIC_159521326_Sector_74.parquet,Success
159643991,80,TESS,SPOC,159643991,20.947679986126,12978,0.9996979504737427,1.0,0.038634663082056396,0.0014926371914640113,0.8562271135815459,1.1588775176806567,0.3026504040991108,0.038634663082056396,0.03837903472656655,25.883492186177318,26.44770197552407,0.0013889138417653157,4.362593951770577,0.015986220255168722,0.006295173807564058,0,0,0.0,0.0,0.1437728864184541,0.8562271135815459,TIC_159643991_Sector_80.parquet,Success
159654016,40,TESS,SPOC,159654016,27.920229354547,113940,0.9999765949298025,1.0,0.0034973064078266127,1.2231152110225085e-05,0.9830484039694122,1.0171677600206084,0.034119356051196204,0.0034973064078266127,0.00348402008635933,285.9343401430606,28.202020388876008,0.00023148579930420965,0.9296420124965152,-0.018920298272564424,0.04749035145710456,0,0,0.0,0.0,0.016951596030587823,0.9830484039694122,TIC_159654016_Sector_40.parquet,Success
164524311,75,TESS,SPOC,164524311,21.937632938445,19474,1.0000800941997294,1.0,0.05120730523800079,0.0026221881097377832,0.7391354305344572,1.229561832558912,0.49042640202445476,0.05120730523800079,0.04966009984293695,19.52846367041207,27.697642578061277,0.0013889101073800703,0.21667005368408354,0.0001840708367301086,0.22921879353910057,0,0,0.0,0.0,0.2608645694655428,0.7391354305344572,TIC_164524311_Sector_75.parquet,Success
164527695,26,TESS,SPOC,164527695,19.695797241232,16940,1.0000268040433813,1.0,0.002368858000879776,5.611488228332129e-06,0.9895977494134057,1.0098768986224869,0.020279149209081138,0.002368858000879776,0.0023225069379965426,422.1443411249672,24.867041950112935,0.001388914098697569,0.9250132443003167,0.03755400031580996,0.16016916471618625,0,0,0.0,0.0,0.010402250586594275,0.9895977494134057,TIC_164527695_Sector_26.parquet,Success
170647523,74,TESS,SPOC,170647523,21.15042427349,18604,1.0001605180549422,1.0,0.04691780623844662,0.002201280542228421,0.7990431788401295,1.2073231483248545,0.408279969484725,0.04691780623844662,0.04611609137208613,21.313869512947385,26.70369228772506,0.0013888645071347128,0.25693987936529084,-0.007223284487639552,0.1794344607266165,0,0,0.0,0.0,0.20095682115987046,0.7990431788401295,TIC_170647523_Sector_74.parquet,Success
184247532,74,TESS,SPOC,184247532,21.150492786345,18603,0.9999836346986288,1.0,0.004363021453572564,1.9035956204334445e-05,0.9808141634717811,1.0191014681185244,0.03828730464674335,0.004363021453572564,0.004224680775827413,229.19896467187252,26.703778789198623,0.0013888689313716895,0.25694069287555976,0.006540663616420973,0.22884125235428332,0,0,0.0,0.0,0.019185836528218925,0.9808141634717811,TIC_184247532_Sector_74.parquet,Success
184296619,41,TESS,SPOC,184296619,21.059439326757,18322,0.9997419555501272,1.0,0.02414289267684317,0.0005828792668055677,0.8813096067000022,1.0993219357381716,0.21801232903816936,0.02414289267684317,0.023889870248936917,41.42005738024745,26.588812285429867,0.0013888798275729641,1.1194418417626366,-0.02153281721935489,0.11670612540066605,0,0,0.0,0.0,0.11869039329999775,0.8813096067000022,TIC_184296619_Sector_41.parquet,Success
184298883,74,TESS,SPOC,184298883,21.150491707041,18787,0.9998881648654958,1.0,0.01932321575098644,0.0003733866669591705,0.918731239577986,1.0828141272754102,0.16408288769742418,0.01932321575098644,0.018353372254939024,51.75122054666033,26.703777426440865,0.0013888689309169422,0.2166638261242042,-0.011144883146228845,0.4064636682806677,0,0,0.0,0.0,0.08126876042201403,0.918731239577986,TIC_184298883_Sector_74.parquet,Success
230061010,14,TESS,SPOC,230061010,21.266172895067,17584,0.9999917303488973,1.0,0.00034632441596964454,1.1994060109671537e-07,0.997738929341311,1.0017627188581193,0.004023789516808263,0.00034632441596964454,0.0002430746515847928,2887.46606906182,26.84983952178345,0.001388880497415812,0.9555497855385511,-0.12696837306380823,5.334477506784246,0,0,0.0,0.0,0.0022610706586889684,0.997738929341311,TIC_230061010_Sector_14.parquet,Success
230127302,14,TESS,SPOC,230127302,21.266225303462,17659,1.0000248102722766,1.0,0.001957052578441913,3.830054794786141e-06,0.9926731733795768,1.0097486055664815,0.01707543218690466,0.001957052578441913,0.0019356365125903067,510.9724751473665,26.849905690156902,0.0013888837569311363,0.9555523878866552,0.042619989279512924,0.13936060451186938,0,0,0.0,0.0,0.007326826620423166,0.9926731733795768,TIC_230127302_Sector_14.parquet,Success
237157751,40,TESS,SPOC,237157751,22.335593601072,19610,1.000158455395776,1.0,0.01728659162108732,0.0002988262498742463,0.9337451060155929,1.074658836686465,0.14091373067087198,0.01728659162108732,0.017250957842109695,57.84830358230562,28.200118178913726,0.001388898269397032,0.931946726764636,0.013569438724872616,0.052725341960462746,0,0,0.0,0.0,0.06625489398440709,0.9337451060155929,TIC_237157751_Sector_40.parquet,Success
239229224,74,TESS,SPOC,239229224,21.150464526021,18604,1.0000162220586213,1.0,0.03569050893565471,0.0012738124280860484,0.859150955655789,1.1432349658905459,0.2840840102347568,0.03569050893565471,0.03466634258397677,28.01865341295268,26.703743109066636,0.001388867068271793,0.25694033012541695,-0.024049332172447025,0.26259202469938137,0,0,0.0,0.0,0.14084904434421097,0.859150955655789,TIC_239229224_Sector_74.parquet,Success
243271716,40,TESS,SPOC,243271716,22.335701320162,19387,1.000060512149613,1.0,0.01189669059510818,0.00014153124711573542,0.9516371368033425,1.0480868331730964,0.09644969636975387,0.01189669059510818,0.011736470574943762,84.05698979943142,28.200254181229866,0.0013888968733226648,0.9319513819805252,0.02438027342792883,0.10788623878271242,0,0,0.0,0.0,0.0483628631966575,0.9516371368033425,TIC_243271716_Sector_40.parquet,Success
262662119,42,TESS,SPOC,262662119,20.172086840305,9592,0.9999041434634899,1.0,0.003881833498970819,1.506863131373203e-05,0.9823787953003554,1.0191656606748716,0.03678686537451614,0.003881833498970819,0.0036246964987635896,257.61022472116014,22.771202934711255,0.0013888989515180583,9.436314887828757,-0.1833973193067128,1.2393456345371154,0,0,0.0,0.0,0.017621204699644566,0.9823787953003554,TIC_262662119_Sector_42.parquet,Success
264508835,74,TESS,SPOC,264508835,21.150399059208,17939,1.0000165630419409,1.0,0.015095587330621801,0.00022787675685642946,0.9313184697992657,1.0572841687106385,0.12596569891137277,0.015095587330621801,0.014905935410071014,66.24452418432725,26.703660454304554,0.0013888626449443109,0.4680422357769203,-0.02234515090430809,0.07702587653471182,0,0,0.0,0.0,0.06868153020073431,0.9313184697992657,TIC_264508835_Sector_74.parquet,Success
267519701,10,TESS,SPOC,267519701,20.155561076355,15488,1.0000038921427963,1.0,0.00023381873734943908,5.467120193568597e-08,0.9990611137950233,1.0011287195595622,0.0020676057645389045,0.00023381873734943908,0.00023018592980893513,4276.817210356897,24.614198038451377,0.0013889045972064196,3.0028052001684955,0.13094754102043632,0.39534859341210016,0,0,0.0,0.0,0.0009388862049767299,0.9990611137950233,TIC_267519701_Sector_10.parquet,Success
268704766,74,TESS,SPOC,268704766,21.150388906687,18429,0.9999577141440492,1.0,0.01915845273448811,0.00036704631117961484,0.9232064475939176,1.0839263887806787,0.16071994118676114,0.01915845273448811,0.018776520027503196,52.19628191580675,26.703647635929883,0.0013888619455428852,0.25693931987325414,-0.009215352075455461,0.13647450677103556,0,0,0.0,0.0,0.07679355240608243,0.9232064475939176,TIC_268704766_Sector_74.parquet,Success
269357457,41,TESS,SPOC,269357457,21.05962229693,18322,1.0002091068855308,1.0,0.028020173280009327,0.0007851301106417486,0.8974240077477383,1.1318380194669444,0.23441401171920606,0.028020173280009327,0.027907231023008437,35.68857301512259,26.58904329650204,0.0013888926341678598,1.11945148677205,0.039165317743954424,0.027763259920824623,0,0,0.0,0.0,0.10257599225226166,0.8974240077477383,TIC_269357457_Sector_41.parquet,Success
26961231,81,TESS,SPOC,26961231,21.087116280507,15201,0.9999469875787779,1.0,0.02436142187518694,0.0005934788757808368,0.9025080568584171,1.0966737819987147,0.19416572514029762,0.02436142187518694,0.024642155291981962,41.04850714885977,26.623757920341177,0.0013888947592022305,3.3097514644373405,0.004465678180087277,-0.02297089485617665,0,0,0.0,0.0,0.09749194314158294,0.9025080568584171,TIC_26961231_Sector_81.parquet,Success
27011135,40,TESS,SPOC,27011135,22.33588734735,18359,1.0000821499632822,1.0,0.007202338635857152,5.187368182556066e-05,0.9715835843944742,1.0356901531491107,0.0641065687546365,0.007202338635857152,0.007095919310482502,138.8437909627655,28.20048905193562,0.001388908281114709,1.5125321041241477,0.022737945632645817,0.15767689795817974,0,0,0.0,0.0,0.02841641560552577,0.9715835843944742,TIC_27011135_Sector_40.parquet,Success
270521167,74,TESS,SPOC,270521167,21.150538573145,17939,0.9999428709573546,1.0,0.01979325101892318,0.00039177278589810357,0.9182100457636598,1.095593111903391,0.1773830661397312,0.01979325101892318,0.019219479414472943,50.52227140675162,26.703836598719136,0.0013888719586248044,0.64443619566282,0.005103439943692288,0.24881390053989572,0,0,0.0,0.0,0.08178995423634017,0.9182100457636598,TIC_270521167_Sector_74.parquet,Success
270854411,81,TESS,SPOC,270854411,21.08711232398,17035,1.0000770035002604,1.0,0.022164006714964987,0.000491243193661013,0.9107476888527921,1.0892542482335608,0.17850655938076865,0.022164006714964987,0.022002679909118236,45.118196040105275,26.623752925192548,0.0013888945259168395,1.4805688194401228,0.01438193439567357,0.11877753526092061,0,0,0.0,0.0,0.08925231114720789,0.9107476888527921,TIC_270854411_Sector_81.parquet,Success
270956861,74,TESS,SPOC,270956861,21.150512921001,18268,1.000024539080051,1.0,0.00830279952830346,6.893648000719615e-05,0.9684331272220004,1.0341737019574155,0.06574057473541517,0.00830279952830346,0.008076785730067036,120.44130375436555,26.703804211510942,0.0013888700955249078,0.5791585174783904,0.011616764046157,0.19982656428146495,0,0,0.0,0.0,0.03156687277799963,0.9684331272220004,TIC_270956861_Sector_74.parquet,Success
271767300,40,TESS,SPOC,271767300,22.335928920935,19610,1.0002188276648014,0.9999999999999999,0.06340028103196856,0.0040195956349325926,0.7508620603839646,1.2541451780599924,0.5032831176760277,0.06340028103196856,0.0635833748637464,15.772800746668082,28.200541540693848,0.0013889201554775354,0.9319618961467313,0.01629981375797867,-0.003612674608363786,0,0,0.0,0.0,0.24913793961603525,0.7508620603839646,TIC_271767300_Sector_40.parquet,Success
271959909,81,TESS,SPOC,271959909,21.087114216681,18410,1.0001119619099528,0.9999999999999999,0.05453482013580111,0.0029740466072441783,0.7799629666839576,1.2239215241130548,0.4439585574290972,0.05453482013580111,0.05415361032215723,18.336908373582737,26.623755314500613,0.001388897320794058,0.5791714242591297,0.017476109868924977,0.11262693039717364,0,0,0.0,0.0,0.2200370333160423,0.7799629666839576,TIC_271959909_Sector_81.parquet,Success
271960115,74,TESS,SPOC,271960115,21.150489184792,18604,1.000105014821088,1.0,0.021476456419585645,0.0004612381803423615,0.905036848167159,1.0925301137107093,0.18749326554355028,0.021476456419585645,0.020976608133219086,46.56261631169475,26.703774242481813,0.0013888686980862985,0.25694060416708453,-0.0165083934764427,0.26554600609430157,0,0,0.0,0.0,0.09496315183284099,0.905036848167159,TIC_271960115_Sector_74.parquet,Success
272080244,81,TESS,SPOC,272080244,21.087168669447,14095,0.9999628985397192,1.0,0.033644605851587295,0.001131959502908662,0.8679609762959425,1.1364002654029801,0.2684392891070376,0.033644605851587295,0.03375432517635977,29.72244657616703,26.623824064965902,0.0013888982521166326,3.4778176603863358,0.021431151625412623,0.07117250455756308,0,0,0.0,0.0,0.1320390237040575,0.8679609762959425,TIC_272080244_Sector_81.parquet,Success
272719153,81,TESS,SPOC,272719153,21.087160068575,17741,1.000034799116734,1.0,0.05415527410316476,0.002932793713188907,0.7698686326156002,1.2209971581115107,0.4511285254959104,0.05415527410316476,0.05303236879163772,18.465422187597447,26.623813205744682,0.0013888981357013108,0.5791725660606062,-0.03244821519819428,0.16665230112398133,0,0,0.0,0.0,0.23013136738439977,0.7698686326156002,TIC_272719153_Sector_81.parquet,Success
272845785,74,TESS,SPOC,272845785,21.150444131543,18604,0.9998384961719702,1.0,0.015234392719734337,0.00023208672153909459,0.9358469604107974,1.064302411701286,0.12845545129048863,0.015234392719734337,0.015020018288791905,65.64094929131106,26.703717360558585,0.0013888654389120347,0.2569400022998707,0.024771566852198473,0.1274885753394659,0,0,0.0,0.0,0.0641530395892026,0.9358469604107974,TIC_272845785_Sector_74.parquet,Success
27318774,41,TESS,SPOC,27318774,21.059561167711,18322,0.9997716316541269,1.0,0.019702527758252493,0.00038818960006471005,0.9225685683658036,1.097388601825044,0.17482003345924046,0.019702527758252493,0.019623769867513918,50.75490882539909,26.588966117567452,0.0013888884413972846,1.1194475340062127,-0.011258527060177588,0.09554578336840658,0,0,0.0,0.0,0.07743143163419641,0.9225685683658036,TIC_27318774_Sector_41.parquet,Success
273373582,41,TESS,SPOC,273373582,21.059567304236,18319,1.0001846657472249,1.0,0.03718598560448223,0.00138279752537676,0.8567404511218745,1.18041453630551,0.3236740851836356,0.03718598560448223,0.03697748056891557,26.891851425862555,26.58897386477429,0.0013888889072859456,1.1194483354092881,0.016097381360140186,0.06563852870034692,0,0,0.0,0.0,0.14325954887812553,0.8567404511218745,TIC_273373582_Sector_41.parquet,Success
273499989,74,TESS,SPOC,273499989,21.150433627275,18604,0.9999286639538398,1.0,0.02398990537959261,0.0005755155601218064,0.8995941720419488,1.097740681104509,0.19814650906256015,0.02398990537959261,0.023681439056756716,41.684199423757036,26.7037040975938,0.001388864972796,0.25693992965670986,0.0030797897574679745,0.051290492231368834,0,0,0.0,0.0,0.1004058279580512,0.8995941720419488,TIC_273499989_Sector_74.parquet,Success
273582656,81,TESS,SPOC,273582656,21.087192792899,16117,1.0002403303742,1.0,0.03262775352363452,0.0010645702999990448,0.8703781817359444,1.1502656857192124,0.279887503983268,0.03262775352363452,0.03214947385499895,30.648754266076928,26.62385452224089,0.0013888996486457472,2.2347504748681786,0.03752983795318211,0.1669058432180841,0,0,0.0,0.0,0.1296218182640556,0.8703781817359444,TIC_273582656_Sector_81.parquet,Success
273591945,74,TESS,SPOC,273591945,21.150419611811,18597,1.0000721912047423,1.0,0.019568580214782458,0.0003829293316223754,0.9057454303741249,1.0741745049889797,0.1684290746148548,0.019568580214782458,0.019241652565683658,51.10232776338991,26.70368640304696,0.0013888638090975292,0.2569396961275743,-0.028852403652482716,0.1940717769185194,0,0,0.0,0.0,0.09425456962587508,0.9057454303741249,TIC_273591945_Sector_74.parquet,Success
273681023,76,TESS,SPOC,273681023,21.44709839506,19024,0.9996745783147171,1.0000000000000002,0.07241526265127043,0.0052439702648524825,0.7051882770773747,1.2884581346008126,0.5832698575234379,0.07241526265127043,0.0719982736153826,13.809243568109277,27.07828077539307,0.001388915222378273,0.2166715696898791,-0.019867489961391083,0.12596228703934864,0,0,0.0,0.0,0.2948117229226255,0.7051882770773747,TIC_273681023_Sector_76.parquet,Success
27390527,74,TESS,SPOC,27390527,21.15048227175,17090,1.0000411331103778,1.0,0.014922611044367581,0.00022268432038148134,0.9404033780316444,1.0713175834178903,0.13091420538624587,0.014922611044367581,0.0147554838674385,67.01240131682196,26.703765515523628,0.001388868582125724,1.5444194669189528,-0.030500700348506053,0.09561976152180485,0,0,0.0,0.0,0.05959662196835558,0.9404033780316444,TIC_27390527_Sector_74.parquet,Success
27843776,74,TESS,SPOC,27843776,21.150446157105,17112,0.9997021306679169,1.0,0.035949258206210304,0.001292349165576779,0.8382543152118268,1.140849461943784,0.3025951467319571,0.035949258206210304,0.0352949468697366,27.816985659727692,26.703719918668867,0.001388866137858713,1.5638608006174763,-0.03259387715295532,0.14076126990412208,0,0,0.0,0.0,0.1617456847881732,0.8382543152118268,TIC_27843776_Sector_74.parquet,Success
279915745,80,TESS,SPOC,279915745,20.94755772787,13189,1.0001615176474927,1.0,0.028874570936443952,0.0008337408467637337,0.8545417373781058,1.1193564506792508,0.26481471330114503,0.028874570936443952,0.027799158611009102,34.632549248995176,26.44754761614149,0.0013889075653423788,4.051453913383284,0.009747290921824255,0.44664931470913194,0,0,0.0,0.0,0.1454582626218942,0.8545417373781058,TIC_279915745_Sector_80.parquet,Success
279915941,40,TESS,SPOC,279915941,22.335662040351,19606,1.0000151977261944,1.0,0.0034070155332106516,1.160775484353866e-05,0.9854082889843209,1.016091652091131,0.03068336310681008,0.0034070155332106516,0.0033575728810436335,293.5120166762595,28.20020458795352,0.0013889026931792614,0.931949808743866,0.032490601194670024,0.10256329768137418,0,0,0.0,0.0,0.014591711015679132,0.9854082889843209,TIC_279915941_Sector_40.parquet,Success
288246496,57,TESS,SPOC,288246496,22.778386464231,17987,0.9999026729210369,1.0,0.002523278087648039,6.366932307604744e-06,0.9881227067798714,1.0087637515688224,0.020641044788951013,0.002523278087648039,0.0023481422220825335,396.30986568432706,28.759200101753322,0.0013888621815567603,3.1318987159197604,-0.42517130237315076,0.8528696320109956,0,0,0.0,0.0,0.011877293220128649,0.9881227067798714,TIC_288246496_Sector_57.parquet,Success
332024125,44,TESS,SPOC,332024125,19.197981306235,15270,1.0000267120341273,1.0,0.004273065881170386,1.825909202482245e-05,0.980736630738039,1.0186296501430985,0.037893019405059514,0.004273065881170386,0.004249902390586493,234.0240070733713,24.078749186232926,0.0013890249483665684,2.8155509129219354,0.0064444394379730725,0.12673524830476834,0,0,0.0,0.0,0.01926336926196104,0.980736630738039,TIC_332024125_Sector_44.parquet,Success
350810559,80,TESS,SPOC,350810559,20.947673669808,12976,1.0001492077726315,1.0,0.02735766413164833,0.0007484417867400776,0.8885016399055106,1.1065608486428495,0.21805920873733897,0.02735766413164833,0.02761439356166049,36.55282831121404,26.447694001074524,0.0013889131432733848,4.362592100184884,0.010400193429476512,0.04496358095871145,0,0,0.0,0.0,0.11149836009448943,0.8885016399055106,TIC_350810559_Sector_80.parquet,Success
350813882,80,TESS,SPOC,350813882,20.947543787734,11557,1.0000154717782772,1.0,0.0291976996268112,0.0008525056634974909,0.8828403086099521,1.1236964673558487,0.2408561587458966,0.0291976996268112,0.02938492733026795,34.24927349693453,26.447530016822384,0.0013889068761727685,5.066742781399171,-0.014939842636974622,0.054505894548693146,0,0,0.0,0.0,0.1171596913900479,0.8828403086099521,TIC_350813882_Sector_80.parquet,Success
352013661,74,TESS,SPOC,352013661,21.150733066776,15195,0.999999026577837,1.0,0.010330636225971598,0.00010672204483335668,0.9535649149404489,1.0464396049376388,0.09287468999718984,0.010330636225971598,0.01012545055431195,96.79945921297309,26.7040821591454,0.0013888863927604689,2.593045531518328,-0.002719511714329415,0.19934196619373523,0,0,0.0,0.0,0.04643508505955107,0.9535649149404489,TIC_352013661_Sector_74.parquet,Success
363573185,45,TESS,SPOC,363573185,19.295759562213,16203,0.9999729588565843,1.0,0.0033260422845936746,1.1062557278905109e-05,0.9859582801987476,1.0123558147969787,0.02639753459823102,0.0033260422845936746,0.0033273654093635193,300.6576328364884,24.100811926397,0.0013890135342080612,1.5737470367153037,-0.03020305336695871,0.021686409776696003,0,0,0.0,0.0,0.01404171980125235,0.9859582801987476,TIC_363573185_Sector_45.parquet,Success
375654303,52,TESS,SPOC,375654303,19.35811790216,16749,0.9999038838724778,1.0,0.005378019144126155,2.8923089914587424e-05,0.9776291025426995,1.0200685887811254,0.04243948623842586,0.005378019144126155,0.0053496118955967085,185.9420677392335,24.44067914826519,0.0013889112979086349,1.1472398568598692,-0.08424239988388044,0.08826967337771441,0,0,0.0,0.0,0.022370897457300476,0.9776291025426995,TIC_375654303_Sector_52.parquet,Success
381360750,70,TESS,SPOC,381360750,20.145512601682,15364,1.0000231754775608,1.0,0.004669063107318619,2.1800150300123792e-05,0.981374968189903,1.0181898420511886,0.03681487386128557,0.004669063107318619,0.004672049519093555,214.1757301229297,24.198692005821613,0.0013889743959225598,2.4334756747848587,0.005220046684233746,-0.03848125949480741,0,0,0.0,0.0,0.018625031810097004,0.981374968189903,TIC_381360750_Sector_70.parquet,Success
407090552,12,TESS,SPOC,407090552,22.122217027269,14348,0.9999955084720514,1.0,0.0007240290040617411,5.242179987226367e-07,0.9965613250495942,1.0039260163788628,0.007364691329268647,0.0007240290040617411,0.00070701567055604,1381.1601391520023,24.437597174881375,0.0013888929547647422,4.0708408906011755,-0.01605432775132381,0.32505770066884576,0,0,0.0,0.0,0.00343867495040584,0.9965613250495942,TIC_407090552_Sector_12.parquet,Success
434094657,42,TESS,SPOC,434094657,25.214787905923,56380,1.0000013644545744,1.0,0.00533146407011712,2.8424509130949803e-05,0.9783080429546775,1.026093718043402,0.047785675088724444,0.00533146407011712,0.005313529520969234,187.5657393257144,22.871187410166385,0.00023147578576754313,9.41727577306483,0.018739329735827523,0.07615483083930075,0,0,0.0,0.0,0.021691957045322452,0.9783080429546775,TIC_434094657_Sector_42.parquet,Success
460396820,51,TESS,SPOC,460396820,19.468894267105,7037,0.9997024778116047,1.0,0.002773001252684589,7.6895359473903e-06,0.985592785524308,1.0084802829615425,0.022887497437234505,0.002773001252684589,0.0020285889203601097,360.6201039512273,24.58054832048083,0.0013888980333831569,9.75130649386665,-1.598334655108814,4.635550124142089,0,0,0.0,0.0,0.014407214475692043,0.985592785524308,TIC_460396820_Sector_51.parquet,Success
48503953,40,TESS,SPOC,48503953,22.335668067895,19610,1.0000496003823915,1.0,0.004388583401005747,1.9259664267583173e-05,0.9818465995812833,1.0184017238187826,0.03655512423749929,0.004388583401005747,0.004345496008082446,227.86396169908184,28.20021219825594,0.0013889019946873304,0.9319498595009463,0.0325555229789616,0.05420716239132828,0,0,0.0,0.0,0.018153400418716714,0.9818465995812833,TIC_48503953_Sector_40.parquet,Success
63065911,81,TESS,SPOC,63065911,21.08704152362,17230,0.9996426449645015,0.9999999999999999,0.03665666287074143,0.0013437109328191931,0.8532300051148605,1.1341727594551838,0.28094275434032334,0.03665666287074143,0.036360139117376754,27.28017014331598,26.62366353475636,0.0013888898702134611,1.3513966586906463,-0.0025454194367204187,0.04910592391930502,0,0,0.0,0.0,0.14676999488513942,0.8532300051148605,TIC_63065911_Sector_81.parquet,Success
75673519,91,TESS,SPOC,75673519,27.194200381275,75537,1.0000041988252253,1.0,0.0003220226233450036,1.0369856994599806e-07,0.9986324955496833,1.0016131649483302,0.00298066939864694,0.0003220226233450036,0.00031914285260608585,3105.3718822998208,24.339771206045043,0.00023149907201513997,6.225240292044873,0.07346096334817304,0.16327137411048032,0,0,0.0,0.0,0.0013675044503167477,0.9986324955496833,TIC_75673519_Sector_91.parquet,Success
80224448,44,TESS,SPOC,80224448,24.013629010082,90802,1.0000039631596798,1.0,0.00036612700759762153,1.3404898569238883e-07,0.9984202736928691,1.0019371766775784,0.0035169029847093025,0.00036612700759762153,0.00035993252341405606,2731.2926368409658,24.255959417114354,0.00023150326569520985,2.087693552836754,0.11340703874400203,0.32887047924617896,0,0,0.0,0.0,0.0015797263071308798,0.9984202736928691,TIC_80224448_Sector_44.parquet,Success
