train_loss,train_acc,test_loss,test_acc
1.3901778697967528,25.35211267605634,1.4077423810958862,27.77777777777778
1.3641804456710815,26.760563380281692,1.4029718041419983,33.333333333333336
1.3230638265609742,36.61971830985915,1.3986012935638428,33.333333333333336
1.2878350257873534,45.070422535211264,1.3941171169281006,33.333333333333336
1.260818314552307,46.478873239436616,1.3936728239059448,38.888888888888886
1.2162179708480836,45.070422535211264,1.400687038898468,27.77777777777778
1.1700323581695558,53.521126760563384,1.4174424409866333,33.333333333333336
1.1036571979522705,56.33802816901409,1.4345574975013733,38.888888888888886
1.054409635066986,52.11267605633803,1.4434459209442139,38.888888888888886
1.0254119157791137,53.521126760563384,1.4751685857772827,38.888888888888886
1.0889715671539306,54.929577464788736,1.5118257999420166,44.44444444444444
0.9361995577812194,60.563380281690144,1.5583899021148682,44.44444444444444
0.9033329010009765,60.563380281690144,1.5863316059112549,44.44444444444444
0.9280075788497925,64.78873239436619,1.6208576560020447,44.44444444444444
0.8258616328239441,64.78873239436619,1.6478022933006287,55.55555555555556
0.7798882842063903,81.69014084507042,1.6952199339866638,55.55555555555556
0.7378720164299011,74.64788732394366,1.7139803767204285,55.55555555555556
0.7871479153633117,69.01408450704226,1.780357539653778,50.0
0.7415058255195618,78.87323943661971,1.8462457656860352,44.44444444444444
0.7564547896385193,69.01408450704226,1.8547662496566772,50.0
0.8289170384407043,63.38028169014085,1.9005838632583618,50.0
0.7275946497917175,76.05633802816901,1.8579285144805908,50.0
0.6248531818389893,78.87323943661971,1.8437185287475586,50.0
0.6610840559005737,70.4225352112676,1.8642189502716064,50.0
0.5643435478210449,84.50704225352112,1.9306941032409668,50.0
0.5729675471782685,87.32394366197182,1.9877910017967224,50.0
0.6430620849132538,76.05633802816901,2.006956934928894,44.44444444444444
0.6380553364753723,78.87323943661971,1.9886241555213928,44.44444444444444
0.7317427873611451,71.83098591549296,2.0239160656929016,50.0
0.6567934274673461,73.2394366197183,2.0363963842391968,50.0
0.5178501963615417,85.91549295774648,1.9686464071273804,50.0
0.5271528720855713,80.28169014084507,2.0152515172958374,44.44444444444444
0.493746280670166,83.09859154929578,2.038082718849182,44.44444444444444
0.5161287486553192,83.09859154929578,2.0701682567596436,44.44444444444444
0.46237897872924805,84.50704225352112,2.076292872428894,44.44444444444444
0.5442465782165528,81.69014084507042,2.084106206893921,44.44444444444444
0.5506115555763245,78.87323943661971,2.1537426710128784,44.44444444444444
0.7786827623844147,76.05633802816901,2.2400261759757996,44.44444444444444
0.6411287665367127,77.46478873239437,2.2230926752090454,44.44444444444444
0.6588349282741547,80.28169014084507,2.1326470375061035,44.44444444444444
0.6466047048568726,77.46478873239437,2.12518572807312,44.44444444444444
0.8721023917198181,71.83098591549296,2.169156312942505,44.44444444444444
0.5638957619667053,80.28169014084507,2.1922637224197388,44.44444444444444
0.4779813885688782,88.73239436619718,2.1299139857292175,44.44444444444444
0.5145331978797912,81.69014084507042,2.105662226676941,44.44444444444444
0.4481105268001556,88.73239436619718,2.10033643245697,44.44444444444444
0.5422059774398804,81.69014084507042,2.1252880096435547,44.44444444444444
0.4668924808502197,81.69014084507042,2.1271122694015503,44.44444444444444
0.4591804563999176,84.50704225352112,2.103053569793701,44.44444444444444
0.5030346989631653,87.32394366197182,2.067879557609558,44.44444444444444
0.6371778666973114,81.69014084507042,2.117708384990692,44.44444444444444
0.4985437273979187,88.73239436619718,2.133667826652527,44.44444444444444
0.5344448685646057,83.09859154929578,2.16117000579834,44.44444444444444
0.6517009496688843,74.64788732394366,2.218593955039978,44.44444444444444
0.4141757369041443,83.09859154929578,2.228555202484131,44.44444444444444
0.5258595943450928,85.91549295774648,2.213960886001587,44.44444444444444
0.4286657512187958,85.91549295774648,2.191517472267151,44.44444444444444
0.4985627293586731,85.91549295774648,2.1707321405410767,44.44444444444444
0.4599055200815201,78.87323943661971,2.1605714559555054,44.44444444444444
0.453712522983551,91.54929577464789,2.1631001234054565,44.44444444444444
0.5750474691390991,74.64788732394366,2.211262822151184,44.44444444444444
0.4083181083202362,84.50704225352112,2.2349770069122314,44.44444444444444
0.4267324090003967,85.91549295774648,2.1921560764312744,44.44444444444444
0.5966970205307007,83.09859154929578,2.188055992126465,44.44444444444444
0.4510476887226105,91.54929577464789,2.191914916038513,44.44444444444444
0.391163045167923,90.14084507042253,2.2257007360458374,44.44444444444444
0.5077410638332367,81.69014084507042,2.173040509223938,44.44444444444444
0.48161710500717164,81.69014084507042,2.153279423713684,44.44444444444444
0.4429935336112976,87.32394366197182,2.1799310445785522,44.44444444444444
0.4319165229797363,88.73239436619718,2.1728729605674744,44.44444444444444
0.38467628657817843,84.50704225352112,2.180217206478119,44.44444444444444
0.6310493409633636,83.09859154929578,2.2318446040153503,44.44444444444444
0.6126327216625214,77.46478873239437,2.244059383869171,50.0
0.6444501638412475,76.05633802816901,2.2538264989852905,44.44444444444444
0.3873945713043213,90.14084507042253,2.22690486907959,44.44444444444444
0.5478384613990783,74.64788732394366,2.255186080932617,44.44444444444444
0.47333758473396303,84.50704225352112,2.247375249862671,44.44444444444444
0.412578684091568,85.91549295774648,2.2526185512542725,44.44444444444444
0.4260691046714783,85.91549295774648,2.207545518875122,44.44444444444444
0.4331576764583588,84.50704225352112,2.241504430770874,44.44444444444444
0.5065583467483521,83.09859154929578,2.2544626593589783,44.44444444444444
0.4303010106086731,88.73239436619718,2.283441424369812,44.44444444444444
0.4107836693525314,85.91549295774648,2.22848641872406,44.44444444444444
0.3657041132450104,91.54929577464789,2.1958566904067993,44.44444444444444
0.3766897916793823,90.14084507042253,2.2208163142204285,44.44444444444444
0.4006310135126114,87.32394366197182,2.2426883578300476,44.44444444444444
0.6084070146083832,77.46478873239437,2.2143421173095703,44.44444444444444
0.41749979853630065,92.95774647887323,2.2424190044403076,44.44444444444444
0.5942402184009552,85.91549295774648,2.2511582374572754,44.44444444444444
0.3961205244064331,91.54929577464789,2.221143364906311,44.44444444444444
0.5429353833198547,84.50704225352112,2.2004544734954834,44.44444444444444
0.4338770419359207,84.50704225352112,2.1842209100723267,44.44444444444444
0.38300331830978396,90.14084507042253,2.1971418857574463,44.44444444444444
0.4679546535015106,87.32394366197182,2.2275928258895874,44.44444444444444
0.4108475983142853,90.14084507042253,2.2504005432128906,44.44444444444444
0.3581330895423889,94.36619718309859,2.238066554069519,44.44444444444444
0.3536763906478882,90.14084507042253,2.2282320261001587,44.44444444444444
0.6993830978870392,83.09859154929578,2.220440983772278,44.44444444444444
0.5438055694103241,84.50704225352112,2.2105053663253784,44.44444444444444
0.41102245450019836,87.32394366197182,2.2302111387252808,44.44444444444444
0.47292167544364927,81.69014084507042,2.223051369190216,44.44444444444444
0.507046765089035,88.73239436619718,2.198347747325897,44.44444444444444
0.41137297749519347,87.32394366197182,2.2149396538734436,44.44444444444444
0.7391947925090789,76.05633802816901,2.245093047618866,44.44444444444444
0.6028219640254975,77.46478873239437,2.294938564300537,44.44444444444444
0.43350914120674133,87.32394366197182,2.303288698196411,44.44444444444444
0.5941903352737427,74.64788732394366,2.2710607051849365,44.44444444444444
0.3945565700531006,85.91549295774648,2.295234799385071,44.44444444444444
0.5360992014408111,84.50704225352112,2.294682741165161,44.44444444444444
0.41039212346076964,87.32394366197182,2.2880035638809204,44.44444444444444
0.43740383386611936,84.50704225352112,2.2604134678840637,44.44444444444444
0.4903026819229126,84.50704225352112,2.2725842595100403,44.44444444444444
0.41186941862106324,88.73239436619718,2.2621477842330933,44.44444444444444
0.3462996304035187,92.95774647887323,2.249323308467865,44.44444444444444
0.5556446969509125,76.05633802816901,2.2274922728538513,44.44444444444444
0.45831823348999023,84.50704225352112,2.2203367948532104,44.44444444444444
0.38743115961551666,90.14084507042253,2.213292121887207,44.44444444444444
0.5870459496974945,74.64788732394366,2.2728867530822754,44.44444444444444
0.4993591129779816,83.09859154929578,2.2561658024787903,44.44444444444444
0.6011525511741638,74.64788732394366,2.2313507795333862,44.44444444444444
0.5414039611816406,81.69014084507042,2.2192288637161255,44.44444444444444
0.4249694883823395,88.73239436619718,2.2248669862747192,44.44444444444444
0.5290610313415527,77.46478873239437,2.2299216389656067,44.44444444444444
0.5047661304473877,81.69014084507042,2.2410486936569214,44.44444444444444
0.45600595474243166,87.32394366197182,2.244870603084564,44.44444444444444
0.41898163557052615,87.32394366197182,2.2308050394058228,44.44444444444444
0.4450688183307648,87.32394366197182,2.209381341934204,44.44444444444444
0.40889825820922854,91.54929577464789,2.217220902442932,44.44444444444444
0.4247375428676605,83.09859154929578,2.204151213169098,44.44444444444444
0.424234664440155,83.09859154929578,2.1902740597724915,44.44444444444444
0.4414754182100296,84.50704225352112,2.2419278621673584,44.44444444444444
0.5755570530891418,81.69014084507042,2.2403542399406433,44.44444444444444
0.3351221978664398,91.54929577464789,2.250069737434387,44.44444444444444
0.3551041543483734,90.14084507042253,2.251443862915039,44.44444444444444
0.4394041270017624,80.28169014084507,2.2299983501434326,44.44444444444444
0.44482078552246096,88.73239436619718,2.2045425176620483,44.44444444444444
0.36920851469039917,88.73239436619718,2.195480763912201,44.44444444444444
0.3886835813522339,87.32394366197182,2.1917057037353516,44.44444444444444
0.685170030593872,69.01408450704226,2.224562883377075,44.44444444444444
0.40588746070861814,85.91549295774648,2.2318403720855713,44.44444444444444
0.4137582778930664,84.50704225352112,2.2158066630363464,44.44444444444444
0.49727182388305663,83.09859154929578,2.2476158142089844,44.44444444444444
0.4690418541431427,85.91549295774648,2.2544487714767456,44.44444444444444
0.43468984961509705,90.14084507042253,2.259199798107147,44.44444444444444
0.43497434854507444,84.50704225352112,2.2460029125213623,44.44444444444444
0.5503991663455963,77.46478873239437,2.3070980310440063,44.44444444444444
0.39228216409683225,91.54929577464789,2.2386672496795654,44.44444444444444
0.5280453741550446,78.87323943661971,2.2351491451263428,44.44444444444444
0.3957616984844208,90.14084507042253,2.2114927768707275,44.44444444444444
0.4546015918254852,84.50704225352112,2.2266226410865784,44.44444444444444
0.44289233684539797,90.14084507042253,2.1961746215820312,44.44444444444444
0.4152954339981079,92.95774647887323,2.2100303173065186,44.44444444444444
0.5237023830413818,78.87323943661971,2.1734538674354553,44.44444444444444
0.4939928114414215,81.69014084507042,2.2165971994400024,44.44444444444444
0.5296435475349426,74.64788732394366,2.2273865938186646,44.44444444444444
0.513253527879715,88.73239436619718,2.2352757453918457,44.44444444444444
0.37205272912979126,90.14084507042253,2.231566309928894,44.44444444444444
0.5616322696208954,74.64788732394366,2.254305839538574,44.44444444444444
0.5142297327518464,84.50704225352112,2.2507572174072266,44.44444444444444
0.4490285336971283,85.91549295774648,2.2046209573745728,44.44444444444444
0.4515186548233032,85.91549295774648,2.1767548322677612,44.44444444444444
0.454373836517334,84.50704225352112,2.205845594406128,44.44444444444444
0.38613959550857546,90.14084507042253,2.218127965927124,44.44444444444444
0.5518729031085968,84.50704225352112,2.222139835357666,44.44444444444444
0.5122850000858307,84.50704225352112,2.2288403511047363,44.44444444444444
0.4321529805660248,90.14084507042253,2.1962661743164062,44.44444444444444
0.33098998069763186,92.95774647887323,2.1856396198272705,44.44444444444444
0.3970221638679504,85.91549295774648,2.2113483548164368,44.44444444444444
0.6618220269680023,71.83098591549296,2.1948832869529724,44.44444444444444
0.3764492094516754,91.54929577464789,2.168186664581299,44.44444444444444
0.40436795353889465,90.14084507042253,2.1838812232017517,44.44444444444444
0.49412150382995607,84.50704225352112,2.1968935132026672,44.44444444444444
0.4510770380496979,81.69014084507042,2.2349923849105835,44.44444444444444
0.36718890368938445,91.54929577464789,2.2357906103134155,44.44444444444444
0.38532196879386904,85.91549295774648,2.2364485263824463,44.44444444444444
0.38740676641464233,88.73239436619718,2.2494588494300842,44.44444444444444
0.47825018167495725,80.28169014084507,2.274516999721527,44.44444444444444
0.5251257658004761,83.09859154929578,2.269711971282959,44.44444444444444
0.43897008895874023,85.91549295774648,2.246016502380371,44.44444444444444
0.392879581451416,88.73239436619718,2.2566630840301514,44.44444444444444
0.49702184200286864,83.09859154929578,2.2894884943962097,44.44444444444444
0.5088210701942444,87.32394366197182,2.2857627272605896,44.44444444444444
0.5380871713161468,81.69014084507042,2.2663649916648865,44.44444444444444
0.36267250776290894,91.54929577464789,2.233261227607727,44.44444444444444
0.5273117661476135,87.32394366197182,2.2541617155075073,44.44444444444444
0.5149263620376587,81.69014084507042,2.2771499156951904,44.44444444444444
0.5463171243667603,81.69014084507042,2.293380379676819,44.44444444444444
0.5230368375778198,90.14084507042253,2.286376118659973,44.44444444444444
0.5845440685749054,74.64788732394366,2.2688733339309692,44.44444444444444
0.407121604681015,90.14084507042253,2.2660101652145386,44.44444444444444
0.46097260117530825,81.69014084507042,2.2947201132774353,44.44444444444444
0.4119971454143524,84.50704225352112,2.2658651471138,44.44444444444444
0.5515290677547455,78.87323943661971,2.305505692958832,44.44444444444444
0.3550148904323578,91.54929577464789,2.2738609313964844,44.44444444444444
0.5391062140464783,78.87323943661971,2.2911572456359863,44.44444444444444
0.41772725582122805,85.91549295774648,2.2515288591384888,44.44444444444444
0.4649948596954346,84.50704225352112,2.2479840517044067,44.44444444444444
0.5429567396640778,87.32394366197182,2.273647427558899,44.44444444444444
0.5836292207241058,78.87323943661971,2.2176315784454346,44.44444444444444
0.4634617805480957,85.91549295774648,2.2165447473526,44.44444444444444
